epoch,train_loss,eval_loss,eval_top1,eval_top5
0,6.833288504431645,6.718604381827735,3.0650873122481377,13.0052509463915
1,5.0660297224919,4.617304444531408,3.1505678349004764,13.432653559653193
2,4.903695481518905,4.363420872566595,5.568445475638051,19.440713151788984
3,4.858841964354117,4.292272073559627,5.861521553303212,21.370130663084627
4,4.80235380679369,4.041634047332738,8.071803639027964,27.683477836121625
5,4.742846163610618,3.969243448373671,7.998534619611674,29.820490902430087
6,4.717414872099956,3.8900257143320394,10.318720234460862,31.31029429722799
7,4.6936614500979585,3.9142917193311346,9.402857491757235,30.162412993039442
